Provinsi;Komoditas;Tahun;Luas Panen;Produksi;KMeans;KMeans Label;Prediksi Produksi
ACEH;Kacang Hijau;1993;0;0;0;Rendah;54,12937665
ACEH;Kacang Hijau;1994;0;0;0;Rendah;54,12937665
ACEH;Kacang Hijau;1995;0;0;0;Rendah;54,12937665
ACEH;Kacang Hijau;1996;0;0;0;Rendah;54,12937665
ACEH;Kacang Hijau;1997;4376;5288;0;Rendah;4627,501067
ACEH;Kacang Hijau;1998;5877;7091;0;Rendah;6196,201001
ACEH;Kacang Hijau;1999;3498;4271;0;Rendah;3709,90044
ACEH;Kacang Hijau;2000;3269;3986;0;Rendah;3470,571803
ACEH;Kacang Hijau;2001;1468;1785;0;Rendah;1588,340904
ACEH;Kacang Hijau;2002;3583;4242;0;Rendah;3798,734214
ACEH;Kacang Hijau;2003;3125;3728;0;Rendah;3320,076939
ACEH;Kacang Hijau;2004;5008;6132;0;Rendah;5288,006302
ACEH;Kacang Hijau;2005;4261;4855;0;Rendah;4507,314197
ACEH;Kacang Hijau;2006;2927;3373;0;Rendah;3113,146502
ACEH;Kacang Hijau;2007;3076;3395;0;Rendah;3268,866881
ACEH;Kacang Hijau;2008;1703;1777;0;Rendah;1833,94016
ACEH;Kacang Hijau;2009;1278;1341;0;Rendah;1389,771292
ACEH;Kacang Hijau;2010;1097;1164;0;Rendah;1200,607609
ACEH;Kacang Hijau;2011;1453;1507;0;Rendah;1572,664355
ACEH;Kacang Hijau;2012;1371;1453;0;Rendah;1486,965891
ACEH;Kacang Hijau;2013;903;955;0;Rendah;997,8575843
ACEH;Kacang Hijau;2014;1151;1233;0;Rendah;1257,043183
ACEH;Kacang Hijau;2015;1522;1600;0;Rendah;1644,776477
BALI;Kacang Hijau;1993;0;0;0;Rendah;54,12937665
BALI;Kacang Hijau;1994;0;0;0;Rendah;54,12937665
BALI;Kacang Hijau;1995;0;0;0;Rendah;54,12937665
BALI;Kacang Hijau;1996;0;0;0;Rendah;54,12937665
BALI;Kacang Hijau;1997;2543;2073;0;Rendah;2711,826865
BALI;Kacang Hijau;1998;2765;2902;0;Rendah;2943,83978
BALI;Kacang Hijau;1999;2731;2395;0;Rendah;2908,30627
BALI;Kacang Hijau;2000;2193;1932;0;Rendah;2346,040738
BALI;Kacang Hijau;2001;1730;1438;0;Rendah;1862,157947
BALI;Kacang Hijau;2002;1223;1224;0;Rendah;1332,290615
BALI;Kacang Hijau;2003;1073;1026;0;Rendah;1175,525132
BALI;Kacang Hijau;2004;1352;1299;0;Rendah;1467,10893
BALI;Kacang Hijau;2005;1123;1093;0;Rendah;1227,780293
BALI;Kacang Hijau;2006;1377;1260;0;Rendah;1493,236511
BALI;Kacang Hijau;2007;940;873;0;Rendah;1036,526403
BALI;Kacang Hijau;2008;930;895;0;Rendah;1026,075371
BALI;Kacang Hijau;2009;1181;1134;0;Rendah;1288,396279
BALI;Kacang Hijau;2010;764;754;0;Rendah;852,5882367
BALI;Kacang Hijau;2011;983;884;0;Rendah;1081,465842
BALI;Kacang Hijau;2012;1556;1528;0;Rendah;1680,309987
BALI;Kacang Hijau;2013;1129;1186;0;Rendah;1234,050912
BALI;Kacang Hijau;2014;801;941;0;Rendah;891,2570559
BALI;Kacang Hijau;2015;560;516;0;Rendah;639,3871799
BANTEN;Kacang Hijau;1993;0;0;0;Rendah;54,12937665
BANTEN;Kacang Hijau;1994;0;0;0;Rendah;54,12937665
BANTEN;Kacang Hijau;1995;0;0;0;Rendah;54,12937665
BANTEN;Kacang Hijau;1996;0;0;0;Rendah;54,12937665
BANTEN;Kacang Hijau;1997;0;0;0;Rendah;54,12937665
BANTEN;Kacang Hijau;1998;0;0;0;Rendah;54,12937665
BANTEN;Kacang Hijau;1999;0;0;0;Rendah;54,12937665
BANTEN;Kacang Hijau;2000;0;0;0;Rendah;54,12937665
BANTEN;Kacang Hijau;2001;2572;2292;0;Rendah;2742,134858
BANTEN;Kacang Hijau;2002;3001;2669;0;Rendah;3190,48414
BANTEN;Kacang Hijau;2003;2813;2767;0;Rendah;2994,004735
BANTEN;Kacang Hijau;2004;2840;81496;1;Sedang;3022,222521
BANTEN;Kacang Hijau;2005;2293;2086;0;Rendah;2450,55106
BANTEN;Kacang Hijau;2006;2145;1949;0;Rendah;2295,875784
BANTEN;Kacang Hijau;2007;2663;2343;0;Rendah;2837,239252
BANTEN;Kacang Hijau;2008;2179;1908;0;Rendah;2331,409293
BANTEN;Kacang Hijau;2009;2280;1911;0;Rendah;2436,964718
BANTEN;Kacang Hijau;2010;1652;1359;0;Rendah;1780,639896
BANTEN;Kacang Hijau;2011;1168;927;0;Rendah;1274,809938
BANTEN;Kacang Hijau;2012;1037;851;0;Rendah;1137,901416
BANTEN;Kacang Hijau;2013;822;672;0;Rendah;913,2042235
BANTEN;Kacang Hijau;2014;1094;907;0;Rendah;1197,472299
BANTEN;Kacang Hijau;2015;680;542;0;Rendah;764,7995663
BENGKULU;Kacang Hijau;1993;0;0;0;Rendah;54,12937665
BENGKULU;Kacang Hijau;1994;0;0;0;Rendah;54,12937665
BENGKULU;Kacang Hijau;1995;0;0;0;Rendah;54,12937665
BENGKULU;Kacang Hijau;1996;0;0;0;Rendah;54,12937665
BENGKULU;Kacang Hijau;1997;2390;2250;0;Rendah;2551,926072
BENGKULU;Kacang Hijau;1998;2222;2096;0;Rendah;2376,348731
BENGKULU;Kacang Hijau;1999;1341;1238;0;Rendah;1455,612795
BENGKULU;Kacang Hijau;2000;1543;1444;0;Rendah;1666,723645
BENGKULU;Kacang Hijau;2001;1798;1691;0;Rendah;1933,224966
BENGKULU;Kacang Hijau;2002;1526;1416;0;Rendah;1648,95689
BENGKULU;Kacang Hijau;2003;1849;1722;0;Rendah;1986,52523
BENGKULU;Kacang Hijau;2004;1789;1696;0;Rendah;1923,819037
BENGKULU;Kacang Hijau;2005;1796;1711;0;Rendah;1931,13476
BENGKULU;Kacang Hijau;2006;1556;1482;0;Rendah;1680,309987
BENGKULU;Kacang Hijau;2007;1845;1757;0;Rendah;1982,344818
BENGKULU;Kacang Hijau;2008;1284;1226;0;Rendah;1396,041911
BENGKULU;Kacang Hijau;2009;1224;1153;0;Rendah;1333,335718
BENGKULU;Kacang Hijau;2010;1438;1392;0;Rendah;1556,987807
BENGKULU;Kacang Hijau;2011;1427;1405;0;Rendah;1545,491672
BENGKULU;Kacang Hijau;2012;1509;1476;0;Rendah;1631,190136
BENGKULU;Kacang Hijau;2013;1384;1371;0;Rendah;1500,552233
BENGKULU;Kacang Hijau;2014;1175;1154;0;Rendah;1282,12566
BENGKULU;Kacang Hijau;2015;691;662;0;Rendah;776,2957017
DI YOGYAKARTA;Kacang Hijau;1993;0;0;0;Rendah;54,12937665
DI YOGYAKARTA;Kacang Hijau;1994;0;0;0;Rendah;54,12937665
DI YOGYAKARTA;Kacang Hijau;1995;0;0;0;Rendah;54,12937665
DI YOGYAKARTA;Kacang Hijau;1996;0;0;0;Rendah;54,12937665
DI YOGYAKARTA;Kacang Hijau;1997;579;243;0;Rendah;659,244141
DI YOGYAKARTA;Kacang Hijau;1998;953;415;0;Rendah;1050,112745
DI YOGYAKARTA;Kacang Hijau;1999;814;354;0;Rendah;904,8433977
DI YOGYAKARTA;Kacang Hijau;2000;870;341;0;Rendah;963,3691781
DI YOGYAKARTA;Kacang Hijau;2001;727;293;0;Rendah;813,9194176
DI YOGYAKARTA;Kacang Hijau;2002;752;462;0;Rendah;840,0469981
DI YOGYAKARTA;Kacang Hijau;2003;876;563;0;Rendah;969,6397974
DI YOGYAKARTA;Kacang Hijau;2004;942;617;0;Rendah;1038,61661
DI YOGYAKARTA;Kacang Hijau;2005;967;651;0;Rendah;1064,74419
DI YOGYAKARTA;Kacang Hijau;2006;967;563;0;Rendah;1064,74419
DI YOGYAKARTA;Kacang Hijau;2007;874;571;0;Rendah;967,5495909
DI YOGYAKARTA;Kacang Hijau;2008;769;514;0;Rendah;857,8137528
DI YOGYAKARTA;Kacang Hijau;2009;745;473;0;Rendah;832,7312756
DI YOGYAKARTA;Kacang Hijau;2010;1024;610;0;Rendah;1124,315074
DI YOGYAKARTA;Kacang Hijau;2011;614;371;0;Rendah;695,8227537
DI YOGYAKARTA;Kacang Hijau;2012;501;300;0;Rendah;577,7260899
DI YOGYAKARTA;Kacang Hijau;2013;552;318;0;Rendah;631,0263541
DI YOGYAKARTA;Kacang Hijau;2014;439;261;0;Rendah;512,9296902
DI YOGYAKARTA;Kacang Hijau;2015;394;230;0;Rendah;465,9000453
DKI JAKARTA;Kacang Hijau;1993;0;0;0;Rendah;54,12937665
DKI JAKARTA;Kacang Hijau;1994;0;0;0;Rendah;54,12937665
DKI JAKARTA;Kacang Hijau;1995;0;0;0;Rendah;54,12937665
DKI JAKARTA;Kacang Hijau;1996;0;0;0;Rendah;54,12937665
DKI JAKARTA;Kacang Hijau;1997;0;0;0;Rendah;54,12937665
DKI JAKARTA;Kacang Hijau;1998;0;0;0;Rendah;54,12937665
DKI JAKARTA;Kacang Hijau;1999;0;0;0;Rendah;54,12937665
DKI JAKARTA;Kacang Hijau;2000;0;0;0;Rendah;54,12937665
DKI JAKARTA;Kacang Hijau;2001;0;0;0;Rendah;54,12937665
DKI JAKARTA;Kacang Hijau;2002;0;0;0;Rendah;54,12937665
DKI JAKARTA;Kacang Hijau;2003;0;0;0;Rendah;54,12937665
DKI JAKARTA;Kacang Hijau;2004;0;0;0;Rendah;54,12937665
DKI JAKARTA;Kacang Hijau;2005;0;0;0;Rendah;54,12937665
DKI JAKARTA;Kacang Hijau;2006;0;0;0;Rendah;54,12937665
DKI JAKARTA;Kacang Hijau;2007;0;0;0;Rendah;54,12937665
DKI JAKARTA;Kacang Hijau;2008;0;0;0;Rendah;54,12937665
DKI JAKARTA;Kacang Hijau;2009;0;0;0;Rendah;54,12937665
DKI JAKARTA;Kacang Hijau;2010;0;0;0;Rendah;54,12937665
DKI JAKARTA;Kacang Hijau;2011;0;0;0;Rendah;54,12937665
DKI JAKARTA;Kacang Hijau;2012;0;0;0;Rendah;54,12937665
DKI JAKARTA;Kacang Hijau;2013;0;0;0;Rendah;54,12937665
DKI JAKARTA;Kacang Hijau;2014;0;0;0;Rendah;54,12937665
DKI JAKARTA;Kacang Hijau;2015;0;0;0;Rendah;54,12937665
GORONTALO;Kacang Hijau;1993;0;0;0;Rendah;54,12937665
GORONTALO;Kacang Hijau;1994;0;0;0;Rendah;54,12937665
GORONTALO;Kacang Hijau;1995;0;0;0;Rendah;54,12937665
GORONTALO;Kacang Hijau;1996;0;0;0;Rendah;54,12937665
GORONTALO;Kacang Hijau;1997;0;0;0;Rendah;54,12937665
GORONTALO;Kacang Hijau;1998;0;0;0;Rendah;54,12937665
GORONTALO;Kacang Hijau;1999;0;0;0;Rendah;54,12937665
GORONTALO;Kacang Hijau;2000;0;0;0;Rendah;54,12937665
GORONTALO;Kacang Hijau;2001;248;249;0;Rendah;313,3149752
GORONTALO;Kacang Hijau;2002;248;249;0;Rendah;313,3149752
GORONTALO;Kacang Hijau;2003;680;745;0;Rendah;764,7995663
GORONTALO;Kacang Hijau;2004;736;865;0;Rendah;823,3253466
GORONTALO;Kacang Hijau;2005;595;726;0;Rendah;675,9657926
GORONTALO;Kacang Hijau;2006;548;621;0;Rendah;626,8459412
GORONTALO;Kacang Hijau;2007;420;515;0;Rendah;493,0727291
GORONTALO;Kacang Hijau;2008;337;411;0;Rendah;406,3291618
GORONTALO;Kacang Hijau;2009;229;287;0;Rendah;293,458014
GORONTALO;Kacang Hijau;2010;226;281;0;Rendah;290,3227044
GORONTALO;Kacang Hijau;2011;172;219;0;Rendah;233,8871305
GORONTALO;Kacang Hijau;2012;154;198;0;Rendah;215,0752725
GORONTALO;Kacang Hijau;2013;139;182;0;Rendah;199,3987242
GORONTALO;Kacang Hijau;2014;98;131;0;Rendah;156,5494922
GORONTALO;Kacang Hijau;2015;105;138;0;Rendah;163,8652148
JAMBI;Kacang Hijau;1993;0;0;0;Rendah;54,12937665
JAMBI;Kacang Hijau;1994;0;0;0;Rendah;54,12937665
JAMBI;Kacang Hijau;1995;0;0;0;Rendah;54,12937665
JAMBI;Kacang Hijau;1996;0;0;0;Rendah;54,12937665
JAMBI;Kacang Hijau;1997;737;665;0;Rendah;824,3704498
JAMBI;Kacang Hijau;1998;1198;1114;0;Rendah;1306,163034
JAMBI;Kacang Hijau;1999;908;859;0;Rendah;1003,0831
JAMBI;Kacang Hijau;2000;826;801;0;Rendah;917,3846364
JAMBI;Kacang Hijau;2001;1080;1032;0;Rendah;1182,840854
JAMBI;Kacang Hijau;2002;1086;1093;0;Rendah;1189,111474
JAMBI;Kacang Hijau;2003;572;595;0;Rendah;651,9284185
JAMBI;Kacang Hijau;2004;578;614;0;Rendah;658,1990378
JAMBI;Kacang Hijau;2005;645;670;0;Rendah;728,2209536
JAMBI;Kacang Hijau;2006;577;600;0;Rendah;657,1539346
JAMBI;Kacang Hijau;2007;545;566;0;Rendah;623,7106316
JAMBI;Kacang Hijau;2008;483;535;0;Rendah;558,9142319
JAMBI;Kacang Hijau;2009;419;465;0;Rendah;492,0276258
JAMBI;Kacang Hijau;2010;415;462;0;Rendah;487,847213
JAMBI;Kacang Hijau;2011;402;445;0;Rendah;474,2608711
JAMBI;Kacang Hijau;2012;343;381;0;Rendah;412,5997811
JAMBI;Kacang Hijau;2013;230;262;0;Rendah;294,5031173
JAMBI;Kacang Hijau;2014;146;168;0;Rendah;206,7144468
JAMBI;Kacang Hijau;2015;113;129;0;Rendah;172,2260405
JAWA BARAT;Kacang Hijau;1993;0;0;0;Rendah;54,12937665
JAWA BARAT;Kacang Hijau;1994;0;0;0;Rendah;54,12937665
JAWA BARAT;Kacang Hijau;1995;0;0;0;Rendah;54,12937665
JAWA BARAT;Kacang Hijau;1996;0;0;0;Rendah;54,12937665
JAWA BARAT;Kacang Hijau;1997;15465;13857;0;Rendah;16216,65067
JAWA BARAT;Kacang Hijau;1998;18724;17569;1;Sedang;19622,64207
JAWA BARAT;Kacang Hijau;1999;16588;15593;0;Rendah;17390,30159
JAWA BARAT;Kacang Hijau;2000;16466;14853;0;Rendah;17262,799
JAWA BARAT;Kacang Hijau;2001;13958;12732;0;Rendah;14641,68012
JAWA BARAT;Kacang Hijau;2002;12092;12602;0;Rendah;12691,51751
JAWA BARAT;Kacang Hijau;2003;11339;10519;0;Rendah;11904,55479
JAWA BARAT;Kacang Hijau;2004;13904;13950;0;Rendah;14585,24455
JAWA BARAT;Kacang Hijau;2005;15437;15611;0;Rendah;16187,38778
JAWA BARAT;Kacang Hijau;2006;12491;13228;0;Rendah;13108,5137
JAWA BARAT;Kacang Hijau;2007;11094;12061;0;Rendah;11648,5045
JAWA BARAT;Kacang Hijau;2008;11606;12187;0;Rendah;12183,59735
JAWA BARAT;Kacang Hijau;2009;13978;16195;0;Rendah;14662,58219
JAWA BARAT;Kacang Hijau;2010;12866;14624;0;Rendah;13500,42741
JAWA BARAT;Kacang Hijau;2011;12507;14221;0;Rendah;13125,23535
JAWA BARAT;Kacang Hijau;2012;9011;10198;0;Rendah;9471,554492
JAWA BARAT;Kacang Hijau;2013;9121;11002;0;Rendah;9586,515846
JAWA BARAT;Kacang Hijau;2014;10228;12749;0;Rendah;10743,44511
JAWA BARAT;Kacang Hijau;2015;7607;9691;0;Rendah;8004,229571
JAWA TENGAH;Kacang Hijau;1993;0;0;0;Rendah;54,12937665
JAWA TENGAH;Kacang Hijau;1994;0;0;0;Rendah;54,12937665
JAWA TENGAH;Kacang Hijau;1995;0;0;0;Rendah;54,12937665
JAWA TENGAH;Kacang Hijau;1996;0;0;0;Rendah;54,12937665
JAWA TENGAH;Kacang Hijau;1997;59053;51206;1;Sedang;61770,60983
JAWA TENGAH;Kacang Hijau;1998;68067;59062;2;Tinggi;71191,17025
JAWA TENGAH;Kacang Hijau;1999;79109;66936;2;Tinggi;82731,20001
JAWA TENGAH;Kacang Hijau;2000;87026;76571;2;Tinggi;91005,2822
JAWA TENGAH;Kacang Hijau;2001;90406;81814;2;Tinggi;94537,73108
JAWA TENGAH;Kacang Hijau;2002;83974;81193;2;Tinggi;87815,62717
JAWA TENGAH;Kacang Hijau;2003;92500;91553;2;Tinggi;96726,17723
JAWA TENGAH;Kacang Hijau;2004;78583;2602;1;Sedang;82181,47571
JAWA TENGAH;Kacang Hijau;2005;81615;85192;2;Tinggi;85350,22868
JAWA TENGAH;Kacang Hijau;2006;89897;96347;2;Tinggi;94005,77354
JAWA TENGAH;Kacang Hijau;2007;89921;97163;2;Tinggi;94030,85602
JAWA TENGAH;Kacang Hijau;2008;81397;90480;2;Tinggi;85122,39617
JAWA TENGAH;Kacang Hijau;2009;93486;104352;2;Tinggi;97756,649
JAWA TENGAH;Kacang Hijau;2010;65901;77803;2;Tinggi;68927,47668
JAWA TENGAH;Kacang Hijau;2011;99156;116518;2;Tinggi;103682,3843
JAWA TENGAH;Kacang Hijau;2012;95102;111495;2;Tinggi;99445,53581
JAWA TENGAH;Kacang Hijau;2013;57941;64277;2;Tinggi;60608,45505
JAWA TENGAH;Kacang Hijau;2014;80221;96219;2;Tinggi;83893,35479
JAWA TENGAH;Kacang Hijau;2015;82186;98992;2;Tinggi;85946,98262
JAWA TIMUR;Kacang Hijau;1993;0;0;0;Rendah;54,12937665
JAWA TIMUR;Kacang Hijau;1994;0;0;0;Rendah;54,12937665
JAWA TIMUR;Kacang Hijau;1995;0;0;0;Rendah;54,12937665
JAWA TIMUR;Kacang Hijau;1996;0;0;0;Rendah;54,12937665
JAWA TIMUR;Kacang Hijau;1997;79605;73451;2;Tinggi;83249,5712
JAWA TIMUR;Kacang Hijau;1998;86146;80052;2;Tinggi;90085,59137
JAWA TIMUR;Kacang Hijau;1999;83801;77894;2;Tinggi;87634,82432
JAWA TIMUR;Kacang Hijau;2000;88304;81321;2;Tinggi;92340,92412
JAWA TIMUR;Kacang Hijau;2001;93278;86747;2;Tinggi;97539,26753
JAWA TIMUR;Kacang Hijau;2002;76710;77021;2;Tinggi;80223,99738
JAWA TIMUR;Kacang Hijau;2003;91174;95709;2;Tinggi;95340,37036
JAWA TIMUR;Kacang Hijau;2004;77325;83245;2;Tinggi;80866,73586
JAWA TIMUR;Kacang Hijau;2005;88270;95527;2;Tinggi;92305,39061
JAWA TIMUR;Kacang Hijau;2006;69649;77166;2;Tinggi;72844,52355
JAWA TIMUR;Kacang Hijau;2007;71743;80241;2;Tinggi;75032,96969
JAWA TIMUR;Kacang Hijau;2008;62921;72126;2;Tinggi;65813,06908
JAWA TIMUR;Kacang Hijau;2009;71581;83629;2;Tinggi;74863,66297
JAWA TIMUR;Kacang Hijau;2010;67868;79878;2;Tinggi;70983,19471
JAWA TIMUR;Kacang Hijau;2011;68624;80329;2;Tinggi;71773,29275
JAWA TIMUR;Kacang Hijau;2012;55881;66778;2;Tinggi;58455,54241
JAWA TIMUR;Kacang Hijau;2013;48845;57686;1;Sedang;51102,19616
JAWA TIMUR;Kacang Hijau;2014;50259;60310;1;Sedang;52579,97211
JAWA TIMUR;Kacang Hijau;2015;56191;67821;2;Tinggi;58779,52441
KALIMANTAN BARAT;Kacang Hijau;1993;0;0;0;Rendah;54,12937665
KALIMANTAN BARAT;Kacang Hijau;1994;0;0;0;Rendah;54,12937665
KALIMANTAN BARAT;Kacang Hijau;1995;0;0;0;Rendah;54,12937665
KALIMANTAN BARAT;Kacang Hijau;1996;0;0;0;Rendah;54,12937665
KALIMANTAN BARAT;Kacang Hijau;1997;503;313;0;Rendah;579,8162963
KALIMANTAN BARAT;Kacang Hijau;1998;926;581;0;Rendah;1021,894958
KALIMANTAN BARAT;Kacang Hijau;1999;914;583;0;Rendah;1009,35372
KALIMANTAN BARAT;Kacang Hijau;2000;965;649;0;Rendah;1062,653984
KALIMANTAN BARAT;Kacang Hijau;2001;1422;959;0;Rendah;1540,266155
KALIMANTAN BARAT;Kacang Hijau;2002;1905;1310;0;Rendah;2045,051011
KALIMANTAN BARAT;Kacang Hijau;2003;1394;997;0;Rendah;1511,003265
KALIMANTAN BARAT;Kacang Hijau;2004;1923;1336;0;Rendah;2063,862869
KALIMANTAN BARAT;Kacang Hijau;2005;1383;966;0;Rendah;1499,50713
KALIMANTAN BARAT;Kacang Hijau;2006;1854;1290;0;Rendah;1991,750747
KALIMANTAN BARAT;Kacang Hijau;2007;1415;979;0;Rendah;1532,950433
KALIMANTAN BARAT;Kacang Hijau;2008;668;463;0;Rendah;752,2583276
KALIMANTAN BARAT;Kacang Hijau;2009;1832;1309;0;Rendah;1968,758476
KALIMANTAN BARAT;Kacang Hijau;2010;1821;1310;0;Rendah;1957,26234
KALIMANTAN BARAT;Kacang Hijau;2011;2309;1687;0;Rendah;2467,272712
KALIMANTAN BARAT;Kacang Hijau;2012;1150;862;0;Rendah;1255,99808
KALIMANTAN BARAT;Kacang Hijau;2013;733;553;0;Rendah;820,1900369
KALIMANTAN BARAT;Kacang Hijau;2014;1256;923;0;Rendah;1366,779021
KALIMANTAN BARAT;Kacang Hijau;2015;1462;1102;0;Rendah;1582,070284
KALIMANTAN SELATAN;Kacang Hijau;1993;0;0;0;Rendah;54,12937665
KALIMANTAN SELATAN;Kacang Hijau;1994;0;0;0;Rendah;54,12937665
KALIMANTAN SELATAN;Kacang Hijau;1995;0;0;0;Rendah;54,12937665
KALIMANTAN SELATAN;Kacang Hijau;1996;0;0;0;Rendah;54,12937665
KALIMANTAN SELATAN;Kacang Hijau;1997;1631;1382;0;Rendah;1758,692728
KALIMANTAN SELATAN;Kacang Hijau;1998;2290;1683;0;Rendah;2447,41575
KALIMANTAN SELATAN;Kacang Hijau;1999;1401;1345;0;Rendah;1518,318988
KALIMANTAN SELATAN;Kacang Hijau;2000;1308;1142;0;Rendah;1421,124388
KALIMANTAN SELATAN;Kacang Hijau;2001;1552;1531;0;Rendah;1676,129574
KALIMANTAN SELATAN;Kacang Hijau;2002;1542;1542;0;Rendah;1665,678542
KALIMANTAN SELATAN;Kacang Hijau;2003;1320;1486;0;Rendah;1433,665627
KALIMANTAN SELATAN;Kacang Hijau;2004;1322;1415;0;Rendah;1435,755833
KALIMANTAN SELATAN;Kacang Hijau;2005;1628;1751;0;Rendah;1755,557419
KALIMANTAN SELATAN;Kacang Hijau;2006;1139;1166;0;Rendah;1244,501944
KALIMANTAN SELATAN;Kacang Hijau;2007;1517;1548;0;Rendah;1639,550961
KALIMANTAN SELATAN;Kacang Hijau;2008;1482;1529;0;Rendah;1602,972349
KALIMANTAN SELATAN;Kacang Hijau;2009;1545;1598;0;Rendah;1668,813852
KALIMANTAN SELATAN;Kacang Hijau;2010;1292;1337;0;Rendah;1404,402737
KALIMANTAN SELATAN;Kacang Hijau;2011;744;774;0;Rendah;831,6861723
KALIMANTAN SELATAN;Kacang Hijau;2012;787;843;0;Rendah;876,6256108
KALIMANTAN SELATAN;Kacang Hijau;2013;703;757;0;Rendah;788,8369403
KALIMANTAN SELATAN;Kacang Hijau;2014;759;817;0;Rendah;847,3627206
KALIMANTAN SELATAN;Kacang Hijau;2015;634;655;0;Rendah;716,7248181
KALIMANTAN TENGAH;Kacang Hijau;1993;0;0;0;Rendah;54,12937665
KALIMANTAN TENGAH;Kacang Hijau;1994;0;0;0;Rendah;54,12937665
KALIMANTAN TENGAH;Kacang Hijau;1995;0;0;0;Rendah;54,12937665
KALIMANTAN TENGAH;Kacang Hijau;1996;0;0;0;Rendah;54,12937665
KALIMANTAN TENGAH;Kacang Hijau;1997;330;247;0;Rendah;399,0134393
KALIMANTAN TENGAH;Kacang Hijau;1998;444;328;0;Rendah;518,1552063
KALIMANTAN TENGAH;Kacang Hijau;1999;495;367;0;Rendah;571,4554706
KALIMANTAN TENGAH;Kacang Hijau;2000;734;544;0;Rendah;821,2351401
KALIMANTAN TENGAH;Kacang Hijau;2001;735;540;0;Rendah;822,2802434
KALIMANTAN TENGAH;Kacang Hijau;2002;508;395;0;Rendah;585,0418124
KALIMANTAN TENGAH;Kacang Hijau;2003;519;408;0;Rendah;596,5379478
KALIMANTAN TENGAH;Kacang Hijau;2004;762;601;0;Rendah;850,4980303
KALIMANTAN TENGAH;Kacang Hijau;2005;362;290;0;Rendah;432,4567423
KALIMANTAN TENGAH;Kacang Hijau;2006;366;296;0;Rendah;436,6371552
KALIMANTAN TENGAH;Kacang Hijau;2007;426;348;0;Rendah;499,3433484
KALIMANTAN TENGAH;Kacang Hijau;2008;248;205;0;Rendah;313,3149752
KALIMANTAN TENGAH;Kacang Hijau;2009;179;145;0;Rendah;241,202853
KALIMANTAN TENGAH;Kacang Hijau;2010;206;170;0;Rendah;269,42064
KALIMANTAN TENGAH;Kacang Hijau;2011;125;103;0;Rendah;184,7672792
KALIMANTAN TENGAH;Kacang Hijau;2012;210;173;0;Rendah;273,6010529
KALIMANTAN TENGAH;Kacang Hijau;2013;127;105;0;Rendah;186,8574856
KALIMANTAN TENGAH;Kacang Hijau;2014;70;59;0;Rendah;127,2866021
KALIMANTAN TENGAH;Kacang Hijau;2015;52;44;0;Rendah;108,4747441
KALIMANTAN TIMUR;Kacang Hijau;1993;0;0;0;Rendah;54,12937665
KALIMANTAN TIMUR;Kacang Hijau;1994;0;0;0;Rendah;54,12937665
KALIMANTAN TIMUR;Kacang Hijau;1995;0;0;0;Rendah;54,12937665
KALIMANTAN TIMUR;Kacang Hijau;1996;0;0;0;Rendah;54,12937665
KALIMANTAN TIMUR;Kacang Hijau;1997;1413;1313;0;Rendah;1530,860227
KALIMANTAN TIMUR;Kacang Hijau;1998;1191;1087;0;Rendah;1298,847312
KALIMANTAN TIMUR;Kacang Hijau;1999;1095;1083;0;Rendah;1198,517403
KALIMANTAN TIMUR;Kacang Hijau;2000;1118;1035;0;Rendah;1222,554777
KALIMANTAN TIMUR;Kacang Hijau;2001;903;894;0;Rendah;997,8575843
KALIMANTAN TIMUR;Kacang Hijau;2002;1020;1078;0;Rendah;1120,134661
KALIMANTAN TIMUR;Kacang Hijau;2003;930;984;0;Rendah;1026,075371
KALIMANTAN TIMUR;Kacang Hijau;2004;1055;1058;0;Rendah;1156,713274
KALIMANTAN TIMUR;Kacang Hijau;2005;793;834;0;Rendah;882,8962301
KALIMANTAN TIMUR;Kacang Hijau;2006;890;928;0;Rendah;984,2712425
KALIMANTAN TIMUR;Kacang Hijau;2007;951;999;0;Rendah;1048,022539
KALIMANTAN TIMUR;Kacang Hijau;2008;1071;1136;0;Rendah;1173,434925
KALIMANTAN TIMUR;Kacang Hijau;2009;1133;1212;0;Rendah;1238,231325
KALIMANTAN TIMUR;Kacang Hijau;2010;910;932;0;Rendah;1005,173307
KALIMANTAN TIMUR;Kacang Hijau;2011;731;761;0;Rendah;818,0998305
KALIMANTAN TIMUR;Kacang Hijau;2012;527;556;0;Rendah;604,8987736
KALIMANTAN TIMUR;Kacang Hijau;2013;349;373;0;Rendah;418,8704004
KALIMANTAN TIMUR;Kacang Hijau;2014;342;367;0;Rendah;411,5546779
KALIMANTAN TIMUR;Kacang Hijau;2015;162;176;0;Rendah;223,4360983
KALIMANTAN UTARA;Kacang Hijau;1993;0;0;0;Rendah;54,12937665
KALIMANTAN UTARA;Kacang Hijau;1994;0;0;0;Rendah;54,12937665
KALIMANTAN UTARA;Kacang Hijau;1995;0;0;0;Rendah;54,12937665
KALIMANTAN UTARA;Kacang Hijau;1996;0;0;0;Rendah;54,12937665
KALIMANTAN UTARA;Kacang Hijau;1997;0;0;0;Rendah;54,12937665
KALIMANTAN UTARA;Kacang Hijau;1998;0;0;0;Rendah;54,12937665
KALIMANTAN UTARA;Kacang Hijau;1999;0;0;0;Rendah;54,12937665
KALIMANTAN UTARA;Kacang Hijau;2000;0;0;0;Rendah;54,12937665
KALIMANTAN UTARA;Kacang Hijau;2001;0;0;0;Rendah;54,12937665
KALIMANTAN UTARA;Kacang Hijau;2002;0;0;0;Rendah;54,12937665
KALIMANTAN UTARA;Kacang Hijau;2003;0;0;0;Rendah;54,12937665
KALIMANTAN UTARA;Kacang Hijau;2004;0;0;0;Rendah;54,12937665
KALIMANTAN UTARA;Kacang Hijau;2005;0;0;0;Rendah;54,12937665
KALIMANTAN UTARA;Kacang Hijau;2006;0;0;0;Rendah;54,12937665
KALIMANTAN UTARA;Kacang Hijau;2007;0;0;0;Rendah;54,12937665
KALIMANTAN UTARA;Kacang Hijau;2008;0;0;0;Rendah;54,12937665
KALIMANTAN UTARA;Kacang Hijau;2009;0;0;0;Rendah;54,12937665
KALIMANTAN UTARA;Kacang Hijau;2010;0;0;0;Rendah;54,12937665
KALIMANTAN UTARA;Kacang Hijau;2011;0;0;0;Rendah;54,12937665
KALIMANTAN UTARA;Kacang Hijau;2012;0;0;0;Rendah;54,12937665
KALIMANTAN UTARA;Kacang Hijau;2013;70;72;0;Rendah;127,2866021
KALIMANTAN UTARA;Kacang Hijau;2014;119;116;0;Rendah;178,4966598
KALIMANTAN UTARA;Kacang Hijau;2015;112;113;0;Rendah;171,1809373
KEP. BANGKA BELITUNG;Kacang Hijau;1993;0;0;0;Rendah;54,12937665
KEP. BANGKA BELITUNG;Kacang Hijau;1994;0;0;0;Rendah;54,12937665
KEP. BANGKA BELITUNG;Kacang Hijau;1995;0;0;0;Rendah;54,12937665
KEP. BANGKA BELITUNG;Kacang Hijau;1996;0;0;0;Rendah;54,12937665
KEP. BANGKA BELITUNG;Kacang Hijau;1997;0;0;0;Rendah;54,12937665
KEP. BANGKA BELITUNG;Kacang Hijau;1998;0;0;0;Rendah;54,12937665
KEP. BANGKA BELITUNG;Kacang Hijau;1999;0;0;0;Rendah;54,12937665
KEP. BANGKA BELITUNG;Kacang Hijau;2000;0;0;0;Rendah;54,12937665
KEP. BANGKA BELITUNG;Kacang Hijau;2001;2;2;0;Rendah;56,21958309
KEP. BANGKA BELITUNG;Kacang Hijau;2002;0;0;0;Rendah;54,12937665
KEP. BANGKA BELITUNG;Kacang Hijau;2003;0;0;0;Rendah;54,12937665
KEP. BANGKA BELITUNG;Kacang Hijau;2004;0;0;0;Rendah;54,12937665
KEP. BANGKA BELITUNG;Kacang Hijau;2005;0;0;0;Rendah;54,12937665
KEP. BANGKA BELITUNG;Kacang Hijau;2006;0;0;0;Rendah;54,12937665
KEP. BANGKA BELITUNG;Kacang Hijau;2007;0;0;0;Rendah;54,12937665
KEP. BANGKA BELITUNG;Kacang Hijau;2008;0;0;0;Rendah;54,12937665
KEP. BANGKA BELITUNG;Kacang Hijau;2009;0;0;0;Rendah;54,12937665
KEP. BANGKA BELITUNG;Kacang Hijau;2010;0;0;0;Rendah;54,12937665
KEP. BANGKA BELITUNG;Kacang Hijau;2011;1;0;0;Rendah;55,17447987
KEP. BANGKA BELITUNG;Kacang Hijau;2012;0;0;0;Rendah;54,12937665
KEP. BANGKA BELITUNG;Kacang Hijau;2013;0;0;0;Rendah;54,12937665
KEP. BANGKA BELITUNG;Kacang Hijau;2014;0;0;0;Rendah;54,12937665
KEP. BANGKA BELITUNG;Kacang Hijau;2015;0;0;0;Rendah;54,12937665
KEP. RIAU;Kacang Hijau;1993;0;0;0;Rendah;54,12937665
KEP. RIAU;Kacang Hijau;1994;0;0;0;Rendah;54,12937665
KEP. RIAU;Kacang Hijau;1995;0;0;0;Rendah;54,12937665
KEP. RIAU;Kacang Hijau;1996;0;0;0;Rendah;54,12937665
KEP. RIAU;Kacang Hijau;1997;0;0;0;Rendah;54,12937665
KEP. RIAU;Kacang Hijau;1998;0;0;0;Rendah;54,12937665
KEP. RIAU;Kacang Hijau;1999;0;0;0;Rendah;54,12937665
KEP. RIAU;Kacang Hijau;2000;0;0;0;Rendah;54,12937665
KEP. RIAU;Kacang Hijau;2001;0;0;0;Rendah;54,12937665
KEP. RIAU;Kacang Hijau;2002;0;0;0;Rendah;54,12937665
KEP. RIAU;Kacang Hijau;2003;0;0;0;Rendah;54,12937665
KEP. RIAU;Kacang Hijau;2004;0;0;0;Rendah;54,12937665
KEP. RIAU;Kacang Hijau;2005;4;4;0;Rendah;58,30978953
KEP. RIAU;Kacang Hijau;2006;2;2;0;Rendah;56,21958309
KEP. RIAU;Kacang Hijau;2007;2;2;0;Rendah;56,21958309
KEP. RIAU;Kacang Hijau;2008;0;0;0;Rendah;54,12937665
KEP. RIAU;Kacang Hijau;2009;0;0;0;Rendah;54,12937665
KEP. RIAU;Kacang Hijau;2010;0;0;0;Rendah;54,12937665
KEP. RIAU;Kacang Hijau;2011;0;0;0;Rendah;54,12937665
KEP. RIAU;Kacang Hijau;2012;0;0;0;Rendah;54,12937665
KEP. RIAU;Kacang Hijau;2013;0;0;0;Rendah;54,12937665
KEP. RIAU;Kacang Hijau;2014;0;0;0;Rendah;54,12937665
KEP. RIAU;Kacang Hijau;2015;0;0;0;Rendah;54,12937665
LAMPUNG;Kacang Hijau;1993;0;0;0;Rendah;54,12937665
LAMPUNG;Kacang Hijau;1994;0;0;0;Rendah;54,12937665
LAMPUNG;Kacang Hijau;1995;0;0;0;Rendah;54,12937665
LAMPUNG;Kacang Hijau;1996;0;0;0;Rendah;54,12937665
LAMPUNG;Kacang Hijau;1997;6446;5462;0;Rendah;6790,864733
LAMPUNG;Kacang Hijau;1998;9049;7876;0;Rendah;9511,268414
LAMPUNG;Kacang Hijau;1999;5107;4485;0;Rendah;5391,471521
LAMPUNG;Kacang Hijau;2000;6266;5556;0;Rendah;6602,746153
LAMPUNG;Kacang Hijau;2001;7186;6352;0;Rendah;7564,241116
LAMPUNG;Kacang Hijau;2002;5851;5170;0;Rendah;6169,028317
LAMPUNG;Kacang Hijau;2003;6005;5325;0;Rendah;6329,974213
LAMPUNG;Kacang Hijau;2004;5643;4987;0;Rendah;5951,646847
LAMPUNG;Kacang Hijau;2005;5653;5000;0;Rendah;5962,097879
LAMPUNG;Kacang Hijau;2006;5022;4455;0;Rendah;5302,637747
LAMPUNG;Kacang Hijau;2007;5035;4477;0;Rendah;5316,224089
LAMPUNG;Kacang Hijau;2008;4492;4003;0;Rendah;4748,733041
LAMPUNG;Kacang Hijau;2009;4325;3863;0;Rendah;4574,200803
LAMPUNG;Kacang Hijau;2010;3935;3524;0;Rendah;4166,610547
LAMPUNG;Kacang Hijau;2011;4071;3644;0;Rendah;4308,744585
LAMPUNG;Kacang Hijau;2012;3576;3212;0;Rendah;3791,418491
LAMPUNG;Kacang Hijau;2013;2941;2643;0;Rendah;3127,777947
LAMPUNG;Kacang Hijau;2014;2611;2352;0;Rendah;2782,893884
LAMPUNG;Kacang Hijau;2015;1608;1445;0;Rendah;1734,655354
MALUKU;Kacang Hijau;1993;0;0;0;Rendah;54,12937665
MALUKU;Kacang Hijau;1994;0;0;0;Rendah;54,12937665
MALUKU;Kacang Hijau;1995;0;0;0;Rendah;54,12937665
MALUKU;Kacang Hijau;1996;0;0;0;Rendah;54,12937665
MALUKU;Kacang Hijau;1997;316;323;0;Rendah;384,3819942
MALUKU;Kacang Hijau;1998;422;432;0;Rendah;495,1629355
MALUKU;Kacang Hijau;1999;357;353;0;Rendah;427,2312262
MALUKU;Kacang Hijau;2000;342;345;0;Rendah;411,5546779
MALUKU;Kacang Hijau;2001;443;449;0;Rendah;517,1101031
MALUKU;Kacang Hijau;2002;392;398;0;Rendah;463,8098389
MALUKU;Kacang Hijau;2003;224;227;0;Rendah;288,2324979
MALUKU;Kacang Hijau;2004;369;373;0;Rendah;439,7724648
MALUKU;Kacang Hijau;2005;439;446;0;Rendah;512,9296902
MALUKU;Kacang Hijau;2006;547;563;0;Rendah;625,800838
MALUKU;Kacang Hijau;2007;570;601;0;Rendah;649,8382121
MALUKU;Kacang Hijau;2008;605;638;0;Rendah;686,4168248
MALUKU;Kacang Hijau;2009;702;740;0;Rendah;787,7918371
MALUKU;Kacang Hijau;2010;839;888;0;Rendah;930,9709782
MALUKU;Kacang Hijau;2011;655;692;0;Rendah;738,6719858
MALUKU;Kacang Hijau;2012;638;674;0;Rendah;720,905231
MALUKU;Kacang Hijau;2013;841;889;0;Rendah;933,0611847
MALUKU;Kacang Hijau;2014;754;797;0;Rendah;842,1372045
MALUKU;Kacang Hijau;2015;643;662;0;Rendah;726,1307471
MALUKU UTARA;Kacang Hijau;1993;0;0;0;Rendah;54,12937665
MALUKU UTARA;Kacang Hijau;1994;0;0;0;Rendah;54,12937665
MALUKU UTARA;Kacang Hijau;1995;0;0;0;Rendah;54,12937665
MALUKU UTARA;Kacang Hijau;1996;0;0;0;Rendah;54,12937665
MALUKU UTARA;Kacang Hijau;1997;0;0;0;Rendah;54,12937665
MALUKU UTARA;Kacang Hijau;1998;0;0;0;Rendah;54,12937665
MALUKU UTARA;Kacang Hijau;1999;0;0;0;Rendah;54,12937665
MALUKU UTARA;Kacang Hijau;2000;0;0;0;Rendah;54,12937665
MALUKU UTARA;Kacang Hijau;2001;0;0;0;Rendah;54,12937665
MALUKU UTARA;Kacang Hijau;2002;0;0;0;Rendah;54,12937665
MALUKU UTARA;Kacang Hijau;2003;178;201;0;Rendah;240,1577498
MALUKU UTARA;Kacang Hijau;2004;318;345;0;Rendah;386,4722006
MALUKU UTARA;Kacang Hijau;2005;346;376;0;Rendah;415,7350908
MALUKU UTARA;Kacang Hijau;2006;364;387;0;Rendah;434,5469487
MALUKU UTARA;Kacang Hijau;2007;378;404;0;Rendah;449,1783938
MALUKU UTARA;Kacang Hijau;2008;348;383;0;Rendah;417,8252972
MALUKU UTARA;Kacang Hijau;2009;301;331;0;Rendah;368,7054459
MALUKU UTARA;Kacang Hijau;2010;272;299;0;Rendah;338,3974525
MALUKU UTARA;Kacang Hijau;2011;247;272;0;Rendah;312,269872
MALUKU UTARA;Kacang Hijau;2012;251;275;0;Rendah;316,4502849
MALUKU UTARA;Kacang Hijau;2013;278;324;0;Rendah;344,6680718
MALUKU UTARA;Kacang Hijau;2014;492;546;0;Rendah;568,3201609
MALUKU UTARA;Kacang Hijau;2015;614;739;0;Rendah;695,8227537
NUSA TENGGARA BARAT;Kacang Hijau;1993;0;0;0;Rendah;54,12937665
NUSA TENGGARA BARAT;Kacang Hijau;1994;0;0;0;Rendah;54,12937665
NUSA TENGGARA BARAT;Kacang Hijau;1995;0;0;0;Rendah;54,12937665
NUSA TENGGARA BARAT;Kacang Hijau;1996;0;0;0;Rendah;54,12937665
NUSA TENGGARA BARAT;Kacang Hijau;1997;32261;18513;1;Sedang;33770,20436
NUSA TENGGARA BARAT;Kacang Hijau;1998;40450;21943;1;Sedang;42328,55463
NUSA TENGGARA BARAT;Kacang Hijau;1999;26670;14479;1;Sedang;27927,03225
NUSA TENGGARA BARAT;Kacang Hijau;2000;32112;17736;1;Sedang;33614,48398
NUSA TENGGARA BARAT;Kacang Hijau;2001;43591;24039;1;Sedang;45611,22384
NUSA TENGGARA BARAT;Kacang Hijau;2002;43918;24065;1;Sedang;45952,97259
NUSA TENGGARA BARAT;Kacang Hijau;2003;47114;35406;1;Sedang;49293,12248
NUSA TENGGARA BARAT;Kacang Hijau;2004;49842;39730;1;Sedang;52144,16407
NUSA TENGGARA BARAT;Kacang Hijau;2005;44680;35429;1;Sedang;46749,34125
NUSA TENGGARA BARAT;Kacang Hijau;2006;50061;40968;1;Sedang;52373,04167
NUSA TENGGARA BARAT;Kacang Hijau;2007;43990;40970;1;Sedang;46028,22002
NUSA TENGGARA BARAT;Kacang Hijau;2008;40017;39756;1;Sedang;41876,02493
NUSA TENGGARA BARAT;Kacang Hijau;2009;34536;33774;1;Sedang;36147,81418
NUSA TENGGARA BARAT;Kacang Hijau;2010;45511;50012;1;Sedang;47617,82202
NUSA TENGGARA BARAT;Kacang Hijau;2011;45351;50702;1;Sedang;47450,60551
NUSA TENGGARA BARAT;Kacang Hijau;2012;27775;34152;1;Sedang;29081,87131
NUSA TENGGARA BARAT;Kacang Hijau;2013;19374;22079;1;Sedang;20301,95916
NUSA TENGGARA BARAT;Kacang Hijau;2014;16395;18218;1;Sedang;17188,59667
NUSA TENGGARA BARAT;Kacang Hijau;2015;23315;27074;1;Sedang;24420,71095
NUSA TENGGARA TIMUR;Kacang Hijau;1993;0;0;0;Rendah;54,12937665
NUSA TENGGARA TIMUR;Kacang Hijau;1994;0;0;0;Rendah;54,12937665
NUSA TENGGARA TIMUR;Kacang Hijau;1995;0;0;0;Rendah;54,12937665
NUSA TENGGARA TIMUR;Kacang Hijau;1996;0;0;0;Rendah;54,12937665
NUSA TENGGARA TIMUR;Kacang Hijau;1997;19446;14505;1;Sedang;20377,20659
NUSA TENGGARA TIMUR;Kacang Hijau;1998;24246;19580;1;Sedang;25393,70205
NUSA TENGGARA TIMUR;Kacang Hijau;1999;20315;16768;1;Sedang;21285,40129
NUSA TENGGARA TIMUR;Kacang Hijau;2000;17250;13900;0;Rendah;18082,15992
NUSA TENGGARA TIMUR;Kacang Hijau;2001;20596;16441;1;Sedang;21579,0753
NUSA TENGGARA TIMUR;Kacang Hijau;2002;23732;19120;1;Sedang;24856,51899
NUSA TENGGARA TIMUR;Kacang Hijau;2003;24606;20135;1;Sedang;25769,93921
NUSA TENGGARA TIMUR;Kacang Hijau;2004;24012;19896;1;Sedang;25149,1479
NUSA TENGGARA TIMUR;Kacang Hijau;2005;20010;16696;1;Sedang;20966,64481
NUSA TENGGARA TIMUR;Kacang Hijau;2006;22958;19353;1;Sedang;24047,6091
NUSA TENGGARA TIMUR;Kacang Hijau;2007;24694;20802;1;Sedang;25861,90829
NUSA TENGGARA TIMUR;Kacang Hijau;2008;28015;23392;1;Sedang;29332,69608
NUSA TENGGARA TIMUR;Kacang Hijau;2009;24277;20447;1;Sedang;25426,10025
NUSA TENGGARA TIMUR;Kacang Hijau;2010;15767;13462;0;Rendah;16532,27185
NUSA TENGGARA TIMUR;Kacang Hijau;2011;12307;10407;0;Rendah;12916,21471
NUSA TENGGARA TIMUR;Kacang Hijau;2012;13183;11478;0;Rendah;13831,72513
NUSA TENGGARA TIMUR;Kacang Hijau;2013;11869;10139;0;Rendah;12458,45949
NUSA TENGGARA TIMUR;Kacang Hijau;2014;10548;9121;0;Rendah;11077,87814
NUSA TENGGARA TIMUR;Kacang Hijau;2015;11130;9717;0;Rendah;11686,12822
PAPUA;Kacang Hijau;1993;0;0;0;Rendah;54,12937665
PAPUA;Kacang Hijau;1994;0;0;0;Rendah;54,12937665
PAPUA;Kacang Hijau;1995;0;0;0;Rendah;54,12937665
PAPUA;Kacang Hijau;1996;0;0;0;Rendah;54,12937665
PAPUA;Kacang Hijau;1997;1482;1574;0;Rendah;1602,972349
PAPUA;Kacang Hijau;1998;1402;1545;0;Rendah;1519,364091
PAPUA;Kacang Hijau;1999;1442;1798;0;Rendah;1561,16822
PAPUA;Kacang Hijau;2000;1123;1299;0;Rendah;1227,780293
PAPUA;Kacang Hijau;2001;1773;2099;0;Rendah;1907,097386
PAPUA;Kacang Hijau;2002;1436;1461;0;Rendah;1554,897601
PAPUA;Kacang Hijau;2003;788;1027;0;Rendah;877,670714
PAPUA;Kacang Hijau;2004;871;888;0;Rendah;964,4142813
PAPUA;Kacang Hijau;2005;1261;1283;0;Rendah;1372,004537
PAPUA;Kacang Hijau;2006;1269;1291;0;Rendah;1380,365363
PAPUA;Kacang Hijau;2007;901;927;0;Rendah;995,7673779
PAPUA;Kacang Hijau;2008;953;969;0;Rendah;1050,112745
PAPUA;Kacang Hijau;2009;605;645;0;Rendah;686,4168248
PAPUA;Kacang Hijau;2010;757;800;0;Rendah;845,2725142
PAPUA;Kacang Hijau;2011;727;762;0;Rendah;813,9194176
PAPUA;Kacang Hijau;2012;807;841;0;Rendah;897,5276752
PAPUA;Kacang Hijau;2013;649;682;0;Rendah;732,4013664
PAPUA;Kacang Hijau;2014;309;334;0;Rendah;377,0662716
PAPUA;Kacang Hijau;2015;429;468;0;Rendah;502,478658
PAPUA BARAT;Kacang Hijau;1993;0;0;0;Rendah;54,12937665
PAPUA BARAT;Kacang Hijau;1994;0;0;0;Rendah;54,12937665
PAPUA BARAT;Kacang Hijau;1995;0;0;0;Rendah;54,12937665
PAPUA BARAT;Kacang Hijau;1996;0;0;0;Rendah;54,12937665
PAPUA BARAT;Kacang Hijau;1997;0;0;0;Rendah;54,12937665
PAPUA BARAT;Kacang Hijau;1998;0;0;0;Rendah;54,12937665
PAPUA BARAT;Kacang Hijau;1999;0;0;0;Rendah;54,12937665
PAPUA BARAT;Kacang Hijau;2000;0;0;0;Rendah;54,12937665
PAPUA BARAT;Kacang Hijau;2001;0;0;0;Rendah;54,12937665
PAPUA BARAT;Kacang Hijau;2002;0;0;0;Rendah;54,12937665
PAPUA BARAT;Kacang Hijau;2003;0;0;0;Rendah;54,12937665
PAPUA BARAT;Kacang Hijau;2004;0;0;0;Rendah;54,12937665
PAPUA BARAT;Kacang Hijau;2005;855;872;0;Rendah;947,6926298
PAPUA BARAT;Kacang Hijau;2006;910;928;0;Rendah;1005,173307
PAPUA BARAT;Kacang Hijau;2007;667;671;0;Rendah;751,2132244
PAPUA BARAT;Kacang Hijau;2008;560;557;0;Rendah;639,3871799
PAPUA BARAT;Kacang Hijau;2009;300;291;0;Rendah;367,6603427
PAPUA BARAT;Kacang Hijau;2010;238;245;0;Rendah;302,863943
PAPUA BARAT;Kacang Hijau;2011;257;264;0;Rendah;322,7209042
PAPUA BARAT;Kacang Hijau;2012;178;196;0;Rendah;240,1577498
PAPUA BARAT;Kacang Hijau;2013;173;187;0;Rendah;234,9322337
PAPUA BARAT;Kacang Hijau;2014;170;176;0;Rendah;231,7969241
PAPUA BARAT;Kacang Hijau;2015;112;116;0;Rendah;171,1809373
RIAU;Kacang Hijau;1993;0;0;0;Rendah;54,12937665
RIAU;Kacang Hijau;1994;0;0;0;Rendah;54,12937665
RIAU;Kacang Hijau;1995;0;0;0;Rendah;54,12937665
RIAU;Kacang Hijau;1996;0;0;0;Rendah;54,12937665
RIAU;Kacang Hijau;1997;1226;1191;0;Rendah;1335,425924
RIAU;Kacang Hijau;1998;1624;1604;0;Rendah;1751,377006
RIAU;Kacang Hijau;1999;1464;1458;0;Rendah;1584,160491
RIAU;Kacang Hijau;2000;1642;1701;0;Rendah;1770,188864
RIAU;Kacang Hijau;2001;1301;1305;0;Rendah;1413,808666
RIAU;Kacang Hijau;2002;1573;1582;0;Rendah;1698,076742
RIAU;Kacang Hijau;2003;1931;1945;0;Rendah;2072,223694
RIAU;Kacang Hijau;2004;1158;1170;0;Rendah;1264,358905
RIAU;Kacang Hijau;2005;1886;1950;0;Rendah;2025,19405
RIAU;Kacang Hijau;2006;2194;2311;0;Rendah;2347,085841
RIAU;Kacang Hijau;2007;1650;1739;0;Rendah;1778,54969
RIAU;Kacang Hijau;2008;1577;1688;0;Rendah;1702,257155
RIAU;Kacang Hijau;2009;958;1014;0;Rendah;1055,338261
RIAU;Kacang Hijau;2010;1140;1228;0;Rendah;1245,547047
RIAU;Kacang Hijau;2011;938;995;0;Rendah;1034,436197
RIAU;Kacang Hijau;2012;865;920;0;Rendah;958,143662
RIAU;Kacang Hijau;2013;585;619;0;Rendah;665,5147604
RIAU;Kacang Hijau;2014;598;645;0;Rendah;679,1011022
RIAU;Kacang Hijau;2015;576;598;0;Rendah;656,1088314
SULAWESI BARAT;Kacang Hijau;1993;0;0;0;Rendah;54,12937665
SULAWESI BARAT;Kacang Hijau;1994;0;0;0;Rendah;54,12937665
SULAWESI BARAT;Kacang Hijau;1995;0;0;0;Rendah;54,12937665
SULAWESI BARAT;Kacang Hijau;1996;0;0;0;Rendah;54,12937665
SULAWESI BARAT;Kacang Hijau;1997;0;0;0;Rendah;54,12937665
SULAWESI BARAT;Kacang Hijau;1998;0;0;0;Rendah;54,12937665
SULAWESI BARAT;Kacang Hijau;1999;0;0;0;Rendah;54,12937665
SULAWESI BARAT;Kacang Hijau;2000;0;0;0;Rendah;54,12937665
SULAWESI BARAT;Kacang Hijau;2001;0;0;0;Rendah;54,12937665
SULAWESI BARAT;Kacang Hijau;2002;0;0;0;Rendah;54,12937665
SULAWESI BARAT;Kacang Hijau;2003;0;0;0;Rendah;54,12937665
SULAWESI BARAT;Kacang Hijau;2004;0;0;0;Rendah;54,12937665
SULAWESI BARAT;Kacang Hijau;2005;538;730;0;Rendah;616,394909
SULAWESI BARAT;Kacang Hijau;2006;705;907;0;Rendah;790,9271468
SULAWESI BARAT;Kacang Hijau;2007;817;1073;0;Rendah;907,9787074
SULAWESI BARAT;Kacang Hijau;2008;981;1293;0;Rendah;1079,375635
SULAWESI BARAT;Kacang Hijau;2009;803;1093;0;Rendah;893,3472623
SULAWESI BARAT;Kacang Hijau;2010;614;839;0;Rendah;695,8227537
SULAWESI BARAT;Kacang Hijau;2011;526;714;0;Rendah;603,8536704
SULAWESI BARAT;Kacang Hijau;2012;676;930;0;Rendah;760,6191534
SULAWESI BARAT;Kacang Hijau;2013;452;615;0;Rendah;526,5160321
SULAWESI BARAT;Kacang Hijau;2014;269;366;0;Rendah;335,2621428
SULAWESI BARAT;Kacang Hijau;2015;264;360;0;Rendah;330,0366267
SULAWESI SELATAN;Kacang Hijau;1993;0;0;0;Rendah;54,12937665
SULAWESI SELATAN;Kacang Hijau;1994;0;0;0;Rendah;54,12937665
SULAWESI SELATAN;Kacang Hijau;1995;0;0;0;Rendah;54,12937665
SULAWESI SELATAN;Kacang Hijau;1996;0;0;0;Rendah;54,12937665
SULAWESI SELATAN;Kacang Hijau;1997;35406;40885;1;Sedang;37057,05398
SULAWESI SELATAN;Kacang Hijau;1998;46195;56030;1;Sedang;48332,67262
SULAWESI SELATAN;Kacang Hijau;1999;27432;31574;1;Sedang;28723,40091
SULAWESI SELATAN;Kacang Hijau;2000;40735;45700;1;Sedang;42626,40904
SULAWESI SELATAN;Kacang Hijau;2001;34622;39562;1;Sedang;36237,69306
SULAWESI SELATAN;Kacang Hijau;2002;29436;32549;1;Sedang;30817,78776
SULAWESI SELATAN;Kacang Hijau;2003;33180;38608;1;Sedang;34730,65422
SULAWESI SELATAN;Kacang Hijau;2004;21634;27063;1;Sedang;22663,89244
SULAWESI SELATAN;Kacang Hijau;2005;23779;28941;1;Sedang;24905,63885
SULAWESI SELATAN;Kacang Hijau;2006;23490;28554;1;Sedang;24603,60401
SULAWESI SELATAN;Kacang Hijau;2007;26594;32811;1;Sedang;27847,60441
SULAWESI SELATAN;Kacang Hijau;2008;19307;23995;1;Sedang;20231,93725
SULAWESI SELATAN;Kacang Hijau;2009;17966;23299;1;Sedang;18830,45383
SULAWESI SELATAN;Kacang Hijau;2010;21009;26458;1;Sedang;22010,70293
SULAWESI SELATAN;Kacang Hijau;2011;31079;41093;1;Sedang;32534,89235
SULAWESI SELATAN;Kacang Hijau;2012;17143;22623;1;Sedang;17970,33388
SULAWESI SELATAN;Kacang Hijau;2013;14226;18341;0;Rendah;14921,76778
SULAWESI SELATAN;Kacang Hijau;2014;20315;27620;1;Sedang;21285,40129
SULAWESI SELATAN;Kacang Hijau;2015;31653;40787;1;Sedang;33134,7816
SULAWESI TENGAH;Kacang Hijau;1993;0;0;0;Rendah;54,12937665
SULAWESI TENGAH;Kacang Hijau;1994;0;0;0;Rendah;54,12937665
SULAWESI TENGAH;Kacang Hijau;1995;0;0;0;Rendah;54,12937665
SULAWESI TENGAH;Kacang Hijau;1996;0;0;0;Rendah;54,12937665
SULAWESI TENGAH;Kacang Hijau;1997;1760;1293;0;Rendah;1893,511044
SULAWESI TENGAH;Kacang Hijau;1998;2321;1719;0;Rendah;2479,81395
SULAWESI TENGAH;Kacang Hijau;1999;1570;1158;0;Rendah;1694,941432
SULAWESI TENGAH;Kacang Hijau;2000;1204;894;0;Rendah;1312,433654
SULAWESI TENGAH;Kacang Hijau;2001;1414;1075;0;Rendah;1531,90533
SULAWESI TENGAH;Kacang Hijau;2002;1755;1334;0;Rendah;1888,285528
SULAWESI TENGAH;Kacang Hijau;2003;1915;1444;0;Rendah;2055,502043
SULAWESI TENGAH;Kacang Hijau;2004;1748;27063;0;Rendah;1880,969805
SULAWESI TENGAH;Kacang Hijau;2005;1821;1381;0;Rendah;1957,26234
SULAWESI TENGAH;Kacang Hijau;2006;1686;1281;0;Rendah;1816,173406
SULAWESI TENGAH;Kacang Hijau;2007;1418;1115;0;Rendah;1536,085743
SULAWESI TENGAH;Kacang Hijau;2008;1073;873;0;Rendah;1175,525132
SULAWESI TENGAH;Kacang Hijau;2009;1250;1014;0;Rendah;1360,508402
SULAWESI TENGAH;Kacang Hijau;2010;1254;1031;0;Rendah;1364,688815
SULAWESI TENGAH;Kacang Hijau;2011;1577;1312;0;Rendah;1702,257155
SULAWESI TENGAH;Kacang Hijau;2012;1639;1373;0;Rendah;1767,053554
SULAWESI TENGAH;Kacang Hijau;2013;1009;839;0;Rendah;1108,638526
SULAWESI TENGAH;Kacang Hijau;2014;839;721;0;Rendah;930,9709782
SULAWESI TENGAH;Kacang Hijau;2015;764;628;0;Rendah;852,5882367
SULAWESI TENGGARA;Kacang Hijau;1993;0;0;0;Rendah;54,12937665
SULAWESI TENGGARA;Kacang Hijau;1994;0;0;0;Rendah;54,12937665
SULAWESI TENGGARA;Kacang Hijau;1995;0;0;0;Rendah;54,12937665
SULAWESI TENGGARA;Kacang Hijau;1996;0;0;0;Rendah;54,12937665
SULAWESI TENGGARA;Kacang Hijau;1997;1216;904;0;Rendah;1324,974892
SULAWESI TENGGARA;Kacang Hijau;1998;1349;973;0;Rendah;1463,97362
SULAWESI TENGGARA;Kacang Hijau;1999;1406;981;0;Rendah;1523,544504
SULAWESI TENGGARA;Kacang Hijau;2000;1269;901;0;Rendah;1380,365363
SULAWESI TENGGARA;Kacang Hijau;2001;1673;1190;0;Rendah;1802,587064
SULAWESI TENGGARA;Kacang Hijau;2002;1946;1406;0;Rendah;2087,900243
SULAWESI TENGGARA;Kacang Hijau;2003;2067;1463;0;Rendah;2214,357732
SULAWESI TENGGARA;Kacang Hijau;2004;2381;1675;0;Rendah;2542,520143
SULAWESI TENGGARA;Kacang Hijau;2005;2160;1602;0;Rendah;2311,552332
SULAWESI TENGGARA;Kacang Hijau;2006;1955;1475;0;Rendah;2097,306172
SULAWESI TENGGARA;Kacang Hijau;2007;2273;1832;0;Rendah;2429,648996
SULAWESI TENGGARA;Kacang Hijau;2008;1958;1640;0;Rendah;2100,441481
SULAWESI TENGGARA;Kacang Hijau;2009;1355;1131;0;Rendah;1470,24424
SULAWESI TENGGARA;Kacang Hijau;2010;1119;900;0;Rendah;1223,59988
SULAWESI TENGGARA;Kacang Hijau;2011;1899;1527;0;Rendah;2038,780391
SULAWESI TENGGARA;Kacang Hijau;2012;1325;1076;0;Rendah;1438,891143
SULAWESI TENGGARA;Kacang Hijau;2013;1342;1083;0;Rendah;1456,657898
SULAWESI TENGGARA;Kacang Hijau;2014;1476;1192;0;Rendah;1596,701729
SULAWESI TENGGARA;Kacang Hijau;2015;1287;1036;0;Rendah;1399,177221
SULAWESI UTARA;Kacang Hijau;1993;0;0;0;Rendah;54,12937665
SULAWESI UTARA;Kacang Hijau;1994;0;0;0;Rendah;54,12937665
SULAWESI UTARA;Kacang Hijau;1995;0;0;0;Rendah;54,12937665
SULAWESI UTARA;Kacang Hijau;1996;0;0;0;Rendah;54,12937665
SULAWESI UTARA;Kacang Hijau;1997;4956;4857;0;Rendah;5233,660935
SULAWESI UTARA;Kacang Hijau;1998;1294;1272;0;Rendah;1406,492943
SULAWESI UTARA;Kacang Hijau;1999;3940;3881;0;Rendah;4171,836063
SULAWESI UTARA;Kacang Hijau;2000;2691;2685;0;Rendah;2866,502142
SULAWESI UTARA;Kacang Hijau;2001;1698;1709;0;Rendah;1828,714644
SULAWESI UTARA;Kacang Hijau;2002;1229;1233;0;Rendah;1338,561234
SULAWESI UTARA;Kacang Hijau;2003;991;1004;0;Rendah;1089,826668
SULAWESI UTARA;Kacang Hijau;2004;1225;1268;0;Rendah;1334,380821
SULAWESI UTARA;Kacang Hijau;2005;1417;1463;0;Rendah;1535,040639
SULAWESI UTARA;Kacang Hijau;2006;1506;2078;0;Rendah;1628,054826
SULAWESI UTARA;Kacang Hijau;2007;1614;2153;0;Rendah;1740,925974
SULAWESI UTARA;Kacang Hijau;2008;1791;2381;0;Rendah;1925,909244
SULAWESI UTARA;Kacang Hijau;2009;2123;2680;0;Rendah;2272,883513
SULAWESI UTARA;Kacang Hijau;2010;1715;2184;0;Rendah;1846,481399
SULAWESI UTARA;Kacang Hijau;2011;1433;1825;0;Rendah;1551,762291
SULAWESI UTARA;Kacang Hijau;2012;1621;2045;0;Rendah;1748,241696
SULAWESI UTARA;Kacang Hijau;2013;1218;1541;0;Rendah;1327,065099
SULAWESI UTARA;Kacang Hijau;2014;1170;1498;0;Rendah;1276,900144
SULAWESI UTARA;Kacang Hijau;2015;845;969;0;Rendah;937,2415976
SUMATERA BARAT;Kacang Hijau;1993;0;0;0;Rendah;54,12937665
SUMATERA BARAT;Kacang Hijau;1994;0;0;0;Rendah;54,12937665
SUMATERA BARAT;Kacang Hijau;1995;0;0;0;Rendah;54,12937665
SUMATERA BARAT;Kacang Hijau;1996;0;0;0;Rendah;54,12937665
SUMATERA BARAT;Kacang Hijau;1997;1302;1454;0;Rendah;1414,853769
SUMATERA BARAT;Kacang Hijau;1998;1200;1321;0;Rendah;1308,253241
SUMATERA BARAT;Kacang Hijau;1999;1386;1617;0;Rendah;1502,64244
SUMATERA BARAT;Kacang Hijau;2000;1483;1692;0;Rendah;1604,017452
SUMATERA BARAT;Kacang Hijau;2001;1315;1468;0;Rendah;1428,440111
SUMATERA BARAT;Kacang Hijau;2002;1391;1597;0;Rendah;1507,867956
SUMATERA BARAT;Kacang Hijau;2003;1353;1531;0;Rendah;1468,154033
SUMATERA BARAT;Kacang Hijau;2004;1174;1338;0;Rendah;1281,080557
SUMATERA BARAT;Kacang Hijau;2005;1385;1594;0;Rendah;1501,597336
SUMATERA BARAT;Kacang Hijau;2006;1198;1380;0;Rendah;1306,163034
SUMATERA BARAT;Kacang Hijau;2007;1157;1345;0;Rendah;1263,313802
SUMATERA BARAT;Kacang Hijau;2008;1227;1434;0;Rendah;1336,471028
SUMATERA BARAT;Kacang Hijau;2009;1153;1346;0;Rendah;1259,133389
SUMATERA BARAT;Kacang Hijau;2010;965;1134;0;Rendah;1062,653984
SUMATERA BARAT;Kacang Hijau;2011;914;1121;0;Rendah;1009,35372
SUMATERA BARAT;Kacang Hijau;2012;872;1073;0;Rendah;965,4593845
SUMATERA BARAT;Kacang Hijau;2013;608;753;0;Rendah;689,5521344
SUMATERA BARAT;Kacang Hijau;2014;441;559;0;Rendah;515,0198967
SUMATERA BARAT;Kacang Hijau;2015;336;419;0;Rendah;405,2840586
SUMATERA SELATAN;Kacang Hijau;1993;0;0;0;Rendah;54,12937665
SUMATERA SELATAN;Kacang Hijau;1994;0;0;0;Rendah;54,12937665
SUMATERA SELATAN;Kacang Hijau;1995;0;0;0;Rendah;54,12937665
SUMATERA SELATAN;Kacang Hijau;1996;0;0;0;Rendah;54,12937665
SUMATERA SELATAN;Kacang Hijau;1997;2794;2564;0;Rendah;2974,147773
SUMATERA SELATAN;Kacang Hijau;1998;3150;2874;0;Rendah;3346,20452
SUMATERA SELATAN;Kacang Hijau;1999;3116;3140;0;Rendah;3310,67101
SUMATERA SELATAN;Kacang Hijau;2000;2415;2366;0;Rendah;2578,053653
SUMATERA SELATAN;Kacang Hijau;2001;2391;2222;0;Rendah;2552,971176
SUMATERA SELATAN;Kacang Hijau;2002;2280;2160;0;Rendah;2436,964718
SUMATERA SELATAN;Kacang Hijau;2003;2768;2651;0;Rendah;2946,97509
SUMATERA SELATAN;Kacang Hijau;2004;2807;2643;0;Rendah;2987,734115
SUMATERA SELATAN;Kacang Hijau;2005;3272;3135;0;Rendah;3473,707112
SUMATERA SELATAN;Kacang Hijau;2006;2680;3396;0;Rendah;2855,006006
SUMATERA SELATAN;Kacang Hijau;2007;2448;3351;0;Rendah;2612,542059
SUMATERA SELATAN;Kacang Hijau;2008;2995;4172;0;Rendah;3184,213521
SUMATERA SELATAN;Kacang Hijau;2009;2338;3188;0;Rendah;2497,580705
SUMATERA SELATAN;Kacang Hijau;2010;2432;3280;0;Rendah;2595,820408
SUMATERA SELATAN;Kacang Hijau;2011;1914;2611;0;Rendah;2054,45694
SUMATERA SELATAN;Kacang Hijau;2012;1820;2480;0;Rendah;1956,217237
SUMATERA SELATAN;Kacang Hijau;2013;1332;1821;0;Rendah;1446,206866
SUMATERA SELATAN;Kacang Hijau;2014;868;1182;0;Rendah;961,2789716
SUMATERA SELATAN;Kacang Hijau;2015;716;974;0;Rendah;802,4232822
SUMATERA UTARA;Kacang Hijau;1993;0;0;0;Rendah;54,12937665
SUMATERA UTARA;Kacang Hijau;1994;0;0;0;Rendah;54,12937665
SUMATERA UTARA;Kacang Hijau;1995;0;0;0;Rendah;54,12937665
SUMATERA UTARA;Kacang Hijau;1996;0;0;0;Rendah;54,12937665
SUMATERA UTARA;Kacang Hijau;1997;13143;12568;0;Rendah;13789,921
SUMATERA UTARA;Kacang Hijau;1998;12662;11984;0;Rendah;13287,22635
SUMATERA UTARA;Kacang Hijau;1999;11170;10516;0;Rendah;11727,93234
SUMATERA UTARA;Kacang Hijau;2000;10824;10482;0;Rendah;11366,32663
SUMATERA UTARA;Kacang Hijau;2001;9370;9111;0;Rendah;9846,746548
SUMATERA UTARA;Kacang Hijau;2002;9454;9518;0;Rendah;9934,535219
SUMATERA UTARA;Kacang Hijau;2003;11274;11455;0;Rendah;11836,62308
SUMATERA UTARA;Kacang Hijau;2004;10562;10800;0;Rendah;11092,50959
SUMATERA UTARA;Kacang Hijau;2005;7663;8098;0;Rendah;8062,755352
SUMATERA UTARA;Kacang Hijau;2006;6173;6536;0;Rendah;6505,551554
SUMATERA UTARA;Kacang Hijau;2007;4569;4855;0;Rendah;4829,205989
SUMATERA UTARA;Kacang Hijau;2008;5160;5493;0;Rendah;5446,861992
SUMATERA UTARA;Kacang Hijau;2009;4124;4426;0;Rendah;4364,135056
SUMATERA UTARA;Kacang Hijau;2010;3110;3345;0;Rendah;3304,400391
SUMATERA UTARA;Kacang Hijau;2011;3004;3250;0;Rendah;3193,61945
SUMATERA UTARA;Kacang Hijau;2012;3498;3817;0;Rendah;3709,90044
SUMATERA UTARA;Kacang Hijau;2013;2130;2344;0;Rendah;2280,199235
SUMATERA UTARA;Kacang Hijau;2014;2603;2907;0;Rendah;2774,533058
SUMATERA UTARA;Kacang Hijau;2015;2712;3060;0;Rendah;2888,449309
